userEmail,shopEmail,shopName,mobileNumber,CommissionFee,image,openTime,closeTime,description,addressLine1,addressLine2,latitude,longitude,city,state,zipCode
cstjean@ano.solutions,cstjean@ano.solutions,ANO Technologies,7865565820,17,https://ano-bucket.s3.ap-south-1.amazonaws.com/5b9ab7260965c.jpg,09:00:00,21:00:00,"ANO is the safest choice for sell, buy, repair or accessorize your smartphone or laptop in Arizona!! Millions of Americans in Arizona visit ANO to repair their mobiles and laptops. We have specially trained technicians who can repair or upgrade all commonly broken parts of the most popular laptop and mobile brands.","3300 W Camelback Rd, Phoenix, AZ 85017",,33.512569,-112.127373,Phoenix,Arizona,85017
cstjean@ano.solutions,cstjean@ano.solutions,ANO Technologies,7865565820,17,https://ano-bucket.s3.ap-south-1.amazonaws.com/5b9ab7260965c.jpg,09:00:00,21:00:00,"ANO is the safest choice for sell, buy, repair or accessorize your smartphone or laptop in Arizona!! Millions of Americans in Arizona visit ANO to repair their mobiles and laptops. We have specially trained technicians who can repair or upgrade all commonly broken parts of the most popular laptop and mobile brands.","6000 W Olive Ave, Glendale, AZ 85302",,33.56749,-112.177628,Phoenix,Arizona,85302
cstjean@ano.solutions,cstjean@ano.solutions,ANO Technologies,7865565820,17,https://ano-bucket.s3.ap-south-1.amazonaws.com/5b9ab7260965c.jpg,09:00:00,21:00:00,"ANO is the safest choice for sell, buy, repair or accessorize your smartphone or laptop in Arizona!! Millions of Americans in Arizona visit ANO to repair their mobiles and laptops. We have specially trained technicians who can repair or upgrade all commonly broken parts of the most popular laptop and mobile brands.","730 N Mill Ave, Tempe, AZ 85281",,33.436939,-111.943901,Phoenix,Arizona,85281
cstjean@ano.solutions,cstjean@ano.solutions,ANO Technologies,7865565820,17,https://ano-bucket.s3.ap-south-1.amazonaws.com/5b9ab7260965c.jpg,09:00:00,21:00:00,"ANO is the safest choice for sell, buy, repair or accessorize your smartphone or laptop in Arizona!! Millions of Americans in Arizona visit ANO to repair their mobiles and laptops. We have specially trained technicians who can repair or upgrade all commonly broken parts of the most popular laptop and mobile brands.","12211 N Cave Creek Rd, Phoenix, AZ 85022",,33.598,-112.03585,Phoenix,Arizona,85022
